{
  "num_iterations": 20,
  "summary": {
    "mmse": {
      "cap_mean": 34.53422197810668,
      "cap_std": 20.44093813338707,
      "lat_mean_ms": 0.1362743000527189,
      "lat_p95_ms": 0.17340464980861744,
      "sinr_mean_db": -5.187007159031757,
      "sinr_p05_db": -24.677440095799206,
      "ber_mean": 0.28926934972394536,
      "ber_p95": 0.49829319011174117
    },
    "zf": {
      "cap_mean": 34.54756725720602,
      "cap_std": 17.482271592509814,
      "lat_mean_ms": 0.0922211999522915,
      "lat_p95_ms": 0.10874159988816248,
      "sinr_mean_db": -3.805558313241511,
      "sinr_p05_db": -26.16306735553843,
      "ber_mean": 0.30982092335604744,
      "ber_p95": 0.49877213867033954
    },
    "rl_teacher": {
      "cap_mean": 1.6449585491083922,
      "cap_std": 0.09851178008978112,
      "lat_mean_ms": 10.705502099949626,
      "lat_p95_ms": 13.077111800043909,
      "sinr_mean_db": -6.3824769531812535,
      "sinr_p05_db": -9.324137329440289,
      "ber_mean": 0.3782854445628055,
      "ber_p95": 0.4370908653670413
    },
    "rl_student_tflite": {
      "cap_mean": 1.652210401753822,
      "cap_std": 0.10559916777262579,
      "lat_mean_ms": 0.1266826499659146,
      "lat_p95_ms": 0.142281799844568,
      "sinr_mean_db": -6.759166807624817,
      "sinr_p05_db": -13.58066166644169,
      "ber_mean": 0.3830561336989202,
      "ber_p95": 0.47644847850643735
    },
    "dqn_beam": {
      "cap_mean": 1.6231394670511148,
      "cap_std": 0.07399706234238582,
      "lat_mean_ms": 3.0989619499450782,
      "lat_p95_ms": 3.5106497998185677,
      "sinr_mean_db": -7.0896114539133706,
      "sinr_p05_db": -11.51899966716075,
      "ber_mean": 0.38581603596251485,
      "ber_p95": 0.45962785778108556
    },
    "dqn_beam_tflite": {
      "cap_mean": 1.6190387586233281,
      "cap_std": 0.07735940853817516,
      "lat_mean_ms": 0.13233864997346245,
      "lat_p95_ms": 0.17855840001175238,
      "sinr_mean_db": -7.201602785627183,
      "sinr_p05_db": -11.060802425298055,
      "ber_mean": 0.39488621966767,
      "ber_p95": 0.4579243269595787
    }
  }
}