{
  "num_iterations": 20,
  "summary": {
    "mmse": {
      "cap_mean": 34.53422197810668,
      "cap_std": 20.44093813338707,
      "lat_mean_ms": 0.16187115002139763,
      "lat_p95_ms": 0.23933614997986336,
      "sinr_mean_db": -5.187007159031757,
      "sinr_p05_db": -24.677440095799206,
      "ber_mean": 0.28926934972394536,
      "ber_p95": 0.49829319011174117
    },
    "zf": {
      "cap_mean": 34.54756725720602,
      "cap_std": 17.482271592509814,
      "lat_mean_ms": 0.09796765000373853,
      "lat_p95_ms": 0.11415084966301953,
      "sinr_mean_db": -3.805558313241511,
      "sinr_p05_db": -26.16306735553843,
      "ber_mean": 0.30982092335604744,
      "ber_p95": 0.49877213867033954
    },
    "rl_teacher": {
      "cap_mean": 1.6449585491083922,
      "cap_std": 0.09851178008978112,
      "lat_mean_ms": 11.819858000103522,
      "lat_p95_ms": 17.17405605033947,
      "sinr_mean_db": -6.3824769531812535,
      "sinr_p05_db": -9.324137329440289,
      "ber_mean": 0.3782854445628055,
      "ber_p95": 0.4370908653670413
    },
    "rl_student_tflite": {
      "cap_mean": 1.652210401753822,
      "cap_std": 0.10559916777262579,
      "lat_mean_ms": 0.15489060001527832,
      "lat_p95_ms": 0.2661858501369352,
      "sinr_mean_db": -6.759166807624817,
      "sinr_p05_db": -13.58066166644169,
      "ber_mean": 0.3830561336989202,
      "ber_p95": 0.47644847850643735
    },
    "dqn_beam": {
      "cap_mean": 1.7431862629773522,
      "cap_std": 0.1456773160073629,
      "lat_mean_ms": 4.009334149918686,
      "lat_p95_ms": 6.450249649833496,
      "sinr_mean_db": -6.935557171525474,
      "sinr_p05_db": -12.038632261098654,
      "ber_mean": 0.38106729231184333,
      "ber_p95": 0.46395348150869337
    },
    "dqn_beam_tflite": {
      "cap_mean": 1.7341173930154672,
      "cap_std": 0.1265169609030817,
      "lat_mean_ms": 0.5590395000126591,
      "lat_p95_ms": 0.6207521003034349,
      "sinr_mean_db": -7.071667212829153,
      "sinr_p05_db": -11.10968736077877,
      "ber_mean": 0.39088795924420006,
      "ber_p95": 0.4582560061212693
    }
  }
}