{
  "num_iterations": 20,
  "summary": {
    "mmse": {
      "cap_mean": 34.53422197810668,
      "cap_std": 20.44093813338707,
      "lat_mean_ms": 0.14168894997510506,
      "lat_p95_ms": 0.22132885001155972,
      "sinr_mean_db": -5.187007159031757,
      "sinr_p05_db": -24.677440095799206,
      "ber_mean": 0.28926934972394536,
      "ber_p95": 0.49829319011174117
    },
    "zf": {
      "cap_mean": 34.54756725720602,
      "cap_std": 17.482271592509814,
      "lat_mean_ms": 0.09730684998885408,
      "lat_p95_ms": 0.15174359978118446,
      "sinr_mean_db": -3.805558313241511,
      "sinr_p05_db": -26.16306735553843,
      "ber_mean": 0.30982092335604744,
      "ber_p95": 0.49877213867033954
    },
    "rl_teacher": {
      "cap_mean": 1.6449585491083922,
      "cap_std": 0.09851178008978112,
      "lat_mean_ms": 10.76003214998309,
      "lat_p95_ms": 12.315250700157792,
      "sinr_mean_db": -6.3824769531812535,
      "sinr_p05_db": -9.324137329440289,
      "ber_mean": 0.3782854445628055,
      "ber_p95": 0.4370908653670413
    },
    "rl_student_tflite": {
      "cap_mean": 1.652210401753822,
      "cap_std": 0.10559916777262579,
      "lat_mean_ms": 0.13075639997168764,
      "lat_p95_ms": 0.1589320001585293,
      "sinr_mean_db": -6.759166807624817,
      "sinr_p05_db": -13.58066166644169,
      "ber_mean": 0.3830561336989202,
      "ber_p95": 0.47644847850643735
    },
    "dqn_beam": {
      "cap_mean": 1.7797314186334536,
      "cap_std": 0.29474169805541856,
      "lat_mean_ms": 3.5410762000083196,
      "lat_p95_ms": 4.441025500091202,
      "sinr_mean_db": -7.053833970045586,
      "sinr_p05_db": -12.631543429393988,
      "ber_mean": 0.38079644308173627,
      "ber_p95": 0.4677771007296099
    },
    "dqn_beam_tflite": {
      "cap_mean": 1.7590098206112175,
      "cap_std": 0.25702201848864636,
      "lat_mean_ms": 0.561365150065285,
      "lat_p95_ms": 0.9669760501083147,
      "sinr_mean_db": -7.211271814245654,
      "sinr_p05_db": -11.385165812825877,
      "ber_mean": 0.3918506220880803,
      "ber_p95": 0.4601051945070317
    }
  }
}