{
  "num_iterations": 20,
  "summary": {
    "mmse": {
      "cap_mean": 32.01013008598165,
      "cap_std": 19.498605081007753,
      "lat_mean_ms": 0.14938020008230524,
      "lat_p95_ms": 0.1790184498759121,
      "sinr_mean_db": -6.797737993419746,
      "sinr_p05_db": -42.42073416174294,
      "ber_mean": 0.2955038563754034,
      "ber_p95": 0.49997117585597434
    },
    "zf": {
      "cap_mean": 35.982019114704634,
      "cap_std": 22.065827629561802,
      "lat_mean_ms": 0.09252105005543854,
      "lat_p95_ms": 0.10483894996013988,
      "sinr_mean_db": -1.0162387639063843,
      "sinr_p05_db": -14.213112813028733,
      "ber_mean": 0.2594342188481733,
      "ber_p95": 0.48089934219552777
    },
    "rl_teacher": {
      "cap_mean": 1.6607258782674834,
      "cap_std": 0.10961360120839482,
      "lat_mean_ms": 11.257431649983118,
      "lat_p95_ms": 15.23141134998697,
      "sinr_mean_db": -9.903609596091655,
      "sinr_p05_db": -30.13359857782316,
      "ber_mean": 0.4055481022633908,
      "ber_p95": 0.49951501574714735
    },
    "rl_student_tflite": {
      "cap_mean": 1.6499236136696578,
      "cap_std": 0.13135371106687,
      "lat_mean_ms": 0.13331235002169706,
      "lat_p95_ms": 0.15394175002256816,
      "sinr_mean_db": -10.888214314591126,
      "sinr_p05_db": -34.37674994229935,
      "ber_mean": 0.41333125931835496,
      "ber_p95": 0.49981529317798773
    },
    "dqn_beam": {
      "cap_mean": 1.657056944431536,
      "cap_std": 0.2338327178777057,
      "lat_mean_ms": 3.7862172499899316,
      "lat_p95_ms": 4.635063850105329,
      "sinr_mean_db": -9.52239323550351,
      "sinr_p05_db": -31.807237926883744,
      "ber_mean": 0.402777940869622,
      "ber_p95": 0.4996696721252101
    },
    "dqn_beam_tflite": {
      "cap_mean": 1.6284583750907147,
      "cap_std": 0.31947764414726254,
      "lat_mean_ms": 0.5449329000157377,
      "lat_p95_ms": 0.6052619499087089,
      "sinr_mean_db": -7.981119428203608,
      "sinr_p05_db": -22.783207307382444,
      "ber_mean": 0.3933561075546643,
      "ber_p95": 0.49726409746706257
    }
  }
}