{
  "num_iterations": 20,
  "summary": {
    "mmse": {
      "cap_mean": 34.53422197810668,
      "cap_std": 20.44093813338707,
      "lat_mean_ms": 0.16648870005155914,
      "lat_p95_ms": 0.23984544995983045,
      "sinr_mean_db": -5.187007159031757,
      "sinr_p05_db": -24.677440095799206,
      "ber_mean": 0.28926934972394536,
      "ber_p95": 0.49829319011174117
    },
    "zf": {
      "cap_mean": 34.54756725720602,
      "cap_std": 17.482271592509814,
      "lat_mean_ms": 0.11588340003072517,
      "lat_p95_ms": 0.19183090025762795,
      "sinr_mean_db": -3.805558313241511,
      "sinr_p05_db": -26.16306735553843,
      "ber_mean": 0.30982092335604744,
      "ber_p95": 0.49877213867033954
    },
    "rl_teacher": {
      "cap_mean": 1.6449585491083922,
      "cap_std": 0.09851178008978112,
      "lat_mean_ms": 12.960370700056956,
      "lat_p95_ms": 17.746389450007893,
      "sinr_mean_db": -6.3824769531812535,
      "sinr_p05_db": -9.324137329440289,
      "ber_mean": 0.3782854445628055,
      "ber_p95": 0.4370908653670413
    },
    "rl_student_tflite": {
      "cap_mean": 1.652210401753822,
      "cap_std": 0.10559916777262579,
      "lat_mean_ms": 0.15777579997120483,
      "lat_p95_ms": 0.2271590999498585,
      "sinr_mean_db": -6.759166807624817,
      "sinr_p05_db": -13.58066166644169,
      "ber_mean": 0.3830561336989202,
      "ber_p95": 0.47644847850643735
    },
    "dqn_beam": {
      "cap_mean": 1.7526498760857947,
      "cap_std": 0.16402435663102424,
      "lat_mean_ms": 4.419255349989726,
      "lat_p95_ms": 6.641807849700855,
      "sinr_mean_db": -6.683959068582685,
      "sinr_p05_db": -11.607672209665894,
      "ber_mean": 0.3813017984958283,
      "ber_p95": 0.46251233022794636
    },
    "dqn_beam_tflite": {
      "cap_mean": 1.7485440634305984,
      "cap_std": 0.15124404714646372,
      "lat_mean_ms": 0.6723907000377949,
      "lat_p95_ms": 1.16168765009661,
      "sinr_mean_db": -6.807215620410032,
      "sinr_p05_db": -11.025982819144414,
      "ber_mean": 0.39075124742951434,
      "ber_p95": 0.4597555158290788
    }
  }
}