{
  "num_iterations": 20,
  "summary": {
    "mmse": {
      "cap_mean": 8.340290629765454,
      "cap_std": 7.633777426963415,
      "lat_mean_ms": 0.11141329996462446,
      "lat_p95_ms": 0.13612434984224822,
      "sinr_mean_db": -30.12718814592006,
      "sinr_p05_db": -43.547317354235695,
      "ber_mean": 0.49100487282547667,
      "ber_p95": 0.4999773186840545
    },
    "zf": {
      "cap_mean": 10.395149136825681,
      "cap_std": 6.107722447746141,
      "lat_mean_ms": 0.09072870002455602,
      "lat_p95_ms": 0.1041399503947105,
      "sinr_mean_db": -23.545295289382246,
      "sinr_p05_db": -35.30275070216255,
      "ber_mean": 0.48487217864836846,
      "ber_p95": 0.49985025516781856
    },
    "rl_teacher": {
      "cap_mean": 1.6136598027528877,
      "cap_std": 0.8704013692950651,
      "lat_mean_ms": 10.828041900049357,
      "lat_p95_ms": 14.94715095004723,
      "sinr_mean_db": -22.970191737597485,
      "sinr_p05_db": -32.02784331274908,
      "ber_mean": 0.4925357764060081,
      "ber_p95": 0.4996867289067547
    },
    "rl_student_tflite": {
      "cap_mean": 1.4479614060337525,
      "cap_std": 0.6775243909477235,
      "lat_mean_ms": 0.13342919999104197,
      "lat_p95_ms": 0.16890624963252776,
      "sinr_mean_db": -27.4364515990216,
      "sinr_p05_db": -38.01493985756601,
      "ber_mean": 0.49715808589318666,
      "ber_p95": 0.4999210036187412
    },
    "dqn_beam": {
      "cap_mean": 2.258425423442283,
      "cap_std": 0.7940770940464503,
      "lat_mean_ms": 3.4575103499946636,
      "lat_p95_ms": 3.910090449812744,
      "sinr_mean_db": -22.191743880367536,
      "sinr_p05_db": -31.669187662370316,
      "ber_mean": 0.48833776838375664,
      "ber_p95": 0.49965982866151065
    },
    "dqn_beam_tflite": {
      "cap_mean": 2.1926349610232814,
      "cap_std": 0.80604270546466,
      "lat_mean_ms": 0.4693144999919241,
      "lat_p95_ms": 0.5400288000373621,
      "sinr_mean_db": -23.749275638303402,
      "sinr_p05_db": -34.51757110932369,
      "ber_mean": 0.4899417022280515,
      "ber_p95": 0.4998224159692462
    }
  }
}