{
  "num_iterations": 20,
  "summary": {
    "mmse": {
      "cap_mean": 34.53422197810668,
      "cap_std": 20.44093813338707,
      "lat_mean_ms": 0.15282370006843848,
      "lat_p95_ms": 0.22889360006956888,
      "sinr_mean_db": -5.187007159031757,
      "sinr_p05_db": -24.677440095799206,
      "ber_mean": 0.28926934972394536,
      "ber_p95": 0.49829319011174117
    },
    "zf": {
      "cap_mean": 34.54756725720602,
      "cap_std": 17.482271592509814,
      "lat_mean_ms": 0.09768190000158938,
      "lat_p95_ms": 0.1428969498419974,
      "sinr_mean_db": -3.805558313241511,
      "sinr_p05_db": -26.16306735553843,
      "ber_mean": 0.30982092335604744,
      "ber_p95": 0.49877213867033954
    },
    "rl_teacher": {
      "cap_mean": 1.6449585491083922,
      "cap_std": 0.09851178008978112,
      "lat_mean_ms": 10.997049449929364,
      "lat_p95_ms": 16.217693800149405,
      "sinr_mean_db": -6.3824769531812535,
      "sinr_p05_db": -9.324137329440289,
      "ber_mean": 0.3782854445628055,
      "ber_p95": 0.4370908653670413
    },
    "rl_student_tflite": {
      "cap_mean": 1.652210401753822,
      "cap_std": 0.10559916777262579,
      "lat_mean_ms": 0.13862544999483362,
      "lat_p95_ms": 0.1818013997763047,
      "sinr_mean_db": -6.759166807624817,
      "sinr_p05_db": -13.58066166644169,
      "ber_mean": 0.3830561336989202,
      "ber_p95": 0.47644847850643735
    },
    "dqn_beam": {
      "cap_mean": 1.723842853466048,
      "cap_std": 0.24375746625773914,
      "lat_mean_ms": 3.674771750002037,
      "lat_p95_ms": 6.577131149902016,
      "sinr_mean_db": -6.736727148570374,
      "sinr_p05_db": -11.71769273336741,
      "ber_mean": 0.38212332314511743,
      "ber_p95": 0.46332872651128815
    },
    "dqn_beam_tflite": {
      "cap_mean": 1.7185618104853995,
      "cap_std": 0.22135737113172305,
      "lat_mean_ms": 0.5574935999447916,
      "lat_p95_ms": 0.7055328997694237,
      "sinr_mean_db": -6.87700821305895,
      "sinr_p05_db": -10.921414048381147,
      "ber_mean": 0.391870830762305,
      "ber_p95": 0.4587323428447391
    }
  }
}