{
  "num_iterations": 20,
  "summary": {
    "mmse": {
      "cap_mean": 34.53422197810668,
      "cap_std": 20.44093813338707,
      "lat_mean_ms": 0.13909180006521638,
      "lat_p95_ms": 0.1931311500129598,
      "sinr_mean_db": -5.187007159031757,
      "sinr_p05_db": -24.677440095799206,
      "ber_mean": 0.28926934972394536,
      "ber_p95": 0.49829319011174117
    },
    "zf": {
      "cap_mean": 34.54756725720602,
      "cap_std": 17.482271592509814,
      "lat_mean_ms": 0.09044299997640337,
      "lat_p95_ms": 0.10373874972628984,
      "sinr_mean_db": -3.805558313241511,
      "sinr_p05_db": -26.16306735553843,
      "ber_mean": 0.30982092335604744,
      "ber_p95": 0.49877213867033954
    },
    "rl_teacher": {
      "cap_mean": 1.6449585491083922,
      "cap_std": 0.09851178008978112,
      "lat_mean_ms": 11.040864700089514,
      "lat_p95_ms": 16.199553049932558,
      "sinr_mean_db": -6.3824769531812535,
      "sinr_p05_db": -9.324137329440289,
      "ber_mean": 0.3782854445628055,
      "ber_p95": 0.4370908653670413
    },
    "rl_student_tflite": {
      "cap_mean": 1.652210401753822,
      "cap_std": 0.10559916777262579,
      "lat_mean_ms": 0.1318969999829278,
      "lat_p95_ms": 0.1523057997474098,
      "sinr_mean_db": -6.759166807624817,
      "sinr_p05_db": -13.58066166644169,
      "ber_mean": 0.3830561336989202,
      "ber_p95": 0.47644847850643735
    },
    "dqn_beam": {
      "cap_mean": 1.7563826783110887,
      "cap_std": 0.3033272345367407,
      "lat_mean_ms": 3.554125549953824,
      "lat_p95_ms": 4.629000549743981,
      "sinr_mean_db": -7.001500804825591,
      "sinr_p05_db": -12.51767908762659,
      "ber_mean": 0.38245224163194186,
      "ber_p95": 0.467770878858247
    },
    "dqn_beam_tflite": {
      "cap_mean": 1.7051104336500849,
      "cap_std": 0.11877204057201497,
      "lat_mean_ms": 0.3898476500808101,
      "lat_p95_ms": 0.44652820013197925,
      "sinr_mean_db": -7.148255414245128,
      "sinr_p05_db": -11.411630422710413,
      "ber_mean": 0.39305969256128914,
      "ber_p95": 0.46135598516559284
    }
  }
}