{
  "num_iterations": 20,
  "summary": {
    "mmse": {
      "cap_mean": 30.507523427415027,
      "cap_std": 18.567073654696284,
      "lat_mean_ms": 0.14698814998155285,
      "lat_p95_ms": 0.16778494964455645,
      "sinr_mean_db": -5.050938731144003,
      "sinr_p05_db": -41.62979396144739,
      "ber_mean": 0.2448760694402167,
      "ber_p95": 0.49996422477258234
    },
    "zf": {
      "cap_mean": 32.02006181030565,
      "cap_std": 18.152310941277413,
      "lat_mean_ms": 0.08736924994536821,
      "lat_p95_ms": 0.10276410018832394,
      "sinr_mean_db": -7.216192083229042,
      "sinr_p05_db": -43.366134889180564,
      "ber_mean": 0.29092488399634775,
      "ber_p95": 0.4999758286438325
    },
    "rl_teacher": {
      "cap_mean": 1.6411335370495395,
      "cap_std": 0.10984516556868089,
      "lat_mean_ms": 10.28742535006586,
      "lat_p95_ms": 12.331190800227901,
      "sinr_mean_db": -8.63120522260012,
      "sinr_p05_db": -23.20927365496055,
      "ber_mean": 0.40368564996648715,
      "ber_p95": 0.4975893237971237
    },
    "rl_student_tflite": {
      "cap_mean": 1.6668720804405168,
      "cap_std": 0.145972191124604,
      "lat_mean_ms": 0.13011269998060015,
      "lat_p95_ms": 0.15665869966596802,
      "sinr_mean_db": -9.556571552344685,
      "sinr_p05_db": -32.94635086576458,
      "ber_mean": 0.3970227483957673,
      "ber_p95": 0.4997441051455759
    },
    "dqn_beam": {
      "cap_mean": 1.770107571391323,
      "cap_std": 0.31468319818207946,
      "lat_mean_ms": 3.772907949951332,
      "lat_p95_ms": 4.748154999742842,
      "sinr_mean_db": -10.233544612926906,
      "sinr_p05_db": -34.4467347601438,
      "ber_mean": 0.4051316299125311,
      "ber_p95": 0.4998146756959961
    },
    "dqn_beam_tflite": {
      "cap_mean": 1.852920982971576,
      "cap_std": 0.2455394558625706,
      "lat_mean_ms": 0.504675950037381,
      "lat_p95_ms": 0.5848759500622691,
      "sinr_mean_db": -8.290005512677407,
      "sinr_p05_db": -24.213245359251907,
      "ber_mean": 0.39194400182693523,
      "ber_p95": 0.4980626980543449
    }
  }
}