{
  "num_iterations": 20,
  "summary": {
    "mmse": {
      "cap_mean": 30.507523427415027,
      "cap_std": 18.567073654696284,
      "lat_mean_ms": 0.1223301500431262,
      "lat_p95_ms": 0.14577945019027544,
      "sinr_mean_db": -5.050938731144003,
      "sinr_p05_db": -41.62979396144739,
      "ber_mean": 0.2448760694402167,
      "ber_p95": 0.49996422477258234
    },
    "zf": {
      "cap_mean": 32.02006181030565,
      "cap_std": 18.152310941277413,
      "lat_mean_ms": 0.09030750009060284,
      "lat_p95_ms": 0.10509630003525673,
      "sinr_mean_db": -7.216192083229042,
      "sinr_p05_db": -43.366134889180564,
      "ber_mean": 0.29092488399634775,
      "ber_p95": 0.4999758286438325
    },
    "rl_teacher": {
      "cap_mean": 1.6411335370495395,
      "cap_std": 0.10984516556868089,
      "lat_mean_ms": 10.874431749994073,
      "lat_p95_ms": 14.061886449826503,
      "sinr_mean_db": -8.63120522260012,
      "sinr_p05_db": -23.20927365496055,
      "ber_mean": 0.40368564996648715,
      "ber_p95": 0.4975893237971237
    },
    "rl_student_tflite": {
      "cap_mean": 1.6668720804405168,
      "cap_std": 0.145972191124604,
      "lat_mean_ms": 0.13841929994669044,
      "lat_p95_ms": 0.22228954992442596,
      "sinr_mean_db": -9.556571552344685,
      "sinr_p05_db": -32.94635086576458,
      "ber_mean": 0.3970227483957673,
      "ber_p95": 0.4997441051455759
    },
    "dqn_beam": {
      "cap_mean": 1.7201558878158214,
      "cap_std": 0.3357402979022488,
      "lat_mean_ms": 3.7916167000048517,
      "lat_p95_ms": 6.4634821998197385,
      "sinr_mean_db": -10.205046191168602,
      "sinr_p05_db": -33.36627214087698,
      "ber_mean": 0.40550954125468824,
      "ber_p95": 0.4997571847284164
    },
    "dqn_beam_tflite": {
      "cap_mean": 1.790971440424828,
      "cap_std": 0.21173518915391507,
      "lat_mean_ms": 0.5177759999696718,
      "lat_p95_ms": 0.6180045000064638,
      "sinr_mean_db": -8.270799559734376,
      "sinr_p05_db": -23.13606786252475,
      "ber_mean": 0.39210856782691406,
      "ber_p95": 0.4974673350785431
    }
  }
}