{
  "num_iterations": 20,
  "summary": {
    "mmse": {
      "cap_mean": 8.340290629765454,
      "cap_std": 7.633777426963415,
      "lat_mean_ms": 0.11823059990092588,
      "lat_p95_ms": 0.13732499980960716,
      "sinr_mean_db": -30.12718814592006,
      "sinr_p05_db": -43.547317354235695,
      "ber_mean": 0.49100487282547667,
      "ber_p95": 0.4999773186840545
    },
    "zf": {
      "cap_mean": 10.395149136825681,
      "cap_std": 6.107722447746141,
      "lat_mean_ms": 0.09681870003532822,
      "lat_p95_ms": 0.1494724001076975,
      "sinr_mean_db": -23.545295289382246,
      "sinr_p05_db": -35.30275070216255,
      "ber_mean": 0.48487217864836846,
      "ber_p95": 0.49985025516781856
    },
    "rl_teacher": {
      "cap_mean": 1.6136598027528877,
      "cap_std": 0.8704013692950651,
      "lat_mean_ms": 10.77920545010329,
      "lat_p95_ms": 12.629141250135959,
      "sinr_mean_db": -22.970191737597485,
      "sinr_p05_db": -32.02784331274908,
      "ber_mean": 0.4925357764060081,
      "ber_p95": 0.4996867289067547
    },
    "rl_student_tflite": {
      "cap_mean": 1.4479614060337525,
      "cap_std": 0.6775243909477235,
      "lat_mean_ms": 0.14368570004990033,
      "lat_p95_ms": 0.18285019991708398,
      "sinr_mean_db": -27.4364515990216,
      "sinr_p05_db": -38.01493985756601,
      "ber_mean": 0.49715808589318666,
      "ber_p95": 0.4999210036187412
    },
    "dqn_beam": {
      "cap_mean": 2.0320257852258314,
      "cap_std": 0.8920644892104282,
      "lat_mean_ms": 3.66422574995795,
      "lat_p95_ms": 5.956793399877826,
      "sinr_mean_db": -22.270871835349467,
      "sinr_p05_db": -31.669187662370316,
      "ber_mean": 0.4901954801944165,
      "ber_p95": 0.49965982866151065
    },
    "dqn_beam_tflite": {
      "cap_mean": 1.9755056673894242,
      "cap_std": 0.8709429290576407,
      "lat_mean_ms": 0.41766870001538337,
      "lat_p95_ms": 0.8451790999515653,
      "sinr_mean_db": -23.751701624284294,
      "sinr_p05_db": -34.51757110932369,
      "ber_mean": 0.4926912091988284,
      "ber_p95": 0.4998224159692462
    }
  }
}