{
  "num_iterations": 20,
  "summary": {
    "mmse": {
      "cap_mean": 32.01013008598165,
      "cap_std": 19.498605081007753,
      "lat_mean_ms": 0.13007944996843435,
      "lat_p95_ms": 0.1787204999118331,
      "sinr_mean_db": -6.797737993419746,
      "sinr_p05_db": -42.42073416174294,
      "ber_mean": 0.2955038563754034,
      "ber_p95": 0.49997117585597434
    },
    "zf": {
      "cap_mean": 35.982019114704634,
      "cap_std": 22.065827629561802,
      "lat_mean_ms": 0.10289204994933243,
      "lat_p95_ms": 0.14565980025054162,
      "sinr_mean_db": -1.0162387639063843,
      "sinr_p05_db": -14.213112813028733,
      "ber_mean": 0.2594342188481733,
      "ber_p95": 0.48089934219552777
    },
    "rl_teacher": {
      "cap_mean": 1.6607258782674834,
      "cap_std": 0.10961360120839482,
      "lat_mean_ms": 10.763763800059678,
      "lat_p95_ms": 12.259769850084028,
      "sinr_mean_db": -9.903609596091655,
      "sinr_p05_db": -30.13359857782316,
      "ber_mean": 0.4055481022633908,
      "ber_p95": 0.49951501574714735
    },
    "rl_student_tflite": {
      "cap_mean": 1.6499236136696578,
      "cap_std": 0.13135371106687,
      "lat_mean_ms": 0.1306947999410113,
      "lat_p95_ms": 0.1511606502617724,
      "sinr_mean_db": -10.888214314591126,
      "sinr_p05_db": -34.37674994229935,
      "ber_mean": 0.41333125931835496,
      "ber_p95": 0.49981529317798773
    },
    "dqn_beam": {
      "cap_mean": 1.7374243880176707,
      "cap_std": 0.26617277605750456,
      "lat_mean_ms": 3.3296909999535274,
      "lat_p95_ms": 3.959769150037577,
      "sinr_mean_db": -8.965889851102588,
      "sinr_p05_db": -25.50606567771479,
      "ber_mean": 0.40022260626954154,
      "ber_p95": 0.4985658634751303
    },
    "dqn_beam_tflite": {
      "cap_mean": 1.7016905778117988,
      "cap_std": 0.2557233715444543,
      "lat_mean_ms": 0.12701030000243918,
      "lat_p95_ms": 0.14705650016821892,
      "sinr_mean_db": -7.375844048621111,
      "sinr_p05_db": -16.57965548520443,
      "ber_mean": 0.3915096437860394,
      "ber_p95": 0.4885661977860658
    }
  }
}