{
  "num_iterations": 20,
  "summary": {
    "mmse": {
      "cap_mean": 30.507523427415027,
      "cap_std": 18.567073654696284,
      "lat_mean_ms": 0.14915860003839043,
      "lat_p95_ms": 0.19987655020941053,
      "sinr_mean_db": -5.050938731144003,
      "sinr_p05_db": -41.62979396144739,
      "ber_mean": 0.2448760694402167,
      "ber_p95": 0.49996422477258234
    },
    "zf": {
      "cap_mean": 32.02006181030565,
      "cap_std": 18.152310941277413,
      "lat_mean_ms": 0.0985039999932269,
      "lat_p95_ms": 0.14927404972695515,
      "sinr_mean_db": -7.216192083229042,
      "sinr_p05_db": -43.366134889180564,
      "ber_mean": 0.29092488399634775,
      "ber_p95": 0.4999758286438325
    },
    "rl_teacher": {
      "cap_mean": 1.6411335370495395,
      "cap_std": 0.10984516556868089,
      "lat_mean_ms": 11.025984549951318,
      "lat_p95_ms": 13.916442100139662,
      "sinr_mean_db": -8.63120522260012,
      "sinr_p05_db": -23.20927365496055,
      "ber_mean": 0.40368564996648715,
      "ber_p95": 0.4975893237971237
    },
    "rl_student_tflite": {
      "cap_mean": 1.6668720804405168,
      "cap_std": 0.145972191124604,
      "lat_mean_ms": 0.13547804996960622,
      "lat_p95_ms": 0.18058394994113772,
      "sinr_mean_db": -9.556571552344685,
      "sinr_p05_db": -32.94635086576458,
      "ber_mean": 0.3970227483957673,
      "ber_p95": 0.4997441051455759
    },
    "dqn_beam": {
      "cap_mean": 1.7037909101997286,
      "cap_std": 0.37710894369493336,
      "lat_mean_ms": 3.6286273500081734,
      "lat_p95_ms": 4.100491350254745,
      "sinr_mean_db": -10.421834119847762,
      "sinr_p05_db": -33.563313119290896,
      "ber_mean": 0.40589864014273136,
      "ber_p95": 0.49975827388186833
    },
    "dqn_beam_tflite": {
      "cap_mean": 1.791856295976651,
      "cap_std": 0.2877696909670558,
      "lat_mean_ms": 0.5571819000351752,
      "lat_p95_ms": 0.9084789503049252,
      "sinr_mean_db": -8.503081161293888,
      "sinr_p05_db": -22.99860295509285,
      "ber_mean": 0.3945054434122013,
      "ber_p95": 0.49744730171728957
    }
  }
}