{
  "num_iterations": 20,
  "summary": {
    "mmse": {
      "cap_mean": 8.340290629765454,
      "cap_std": 7.633777426963415,
      "lat_mean_ms": 0.12395504998039542,
      "lat_p95_ms": 0.17329434999737714,
      "sinr_mean_db": -30.12718814592006,
      "sinr_p05_db": -43.547317354235695,
      "ber_mean": 0.49100487282547667,
      "ber_p95": 0.4999773186840545
    },
    "zf": {
      "cap_mean": 10.395149136825681,
      "cap_std": 6.107722447746141,
      "lat_mean_ms": 0.09442830003081326,
      "lat_p95_ms": 0.11263534984209403,
      "sinr_mean_db": -23.545295289382246,
      "sinr_p05_db": -35.30275070216255,
      "ber_mean": 0.48487217864836846,
      "ber_p95": 0.49985025516781856
    },
    "rl_teacher": {
      "cap_mean": 1.6136598027528877,
      "cap_std": 0.8704013692950651,
      "lat_mean_ms": 11.2256642000375,
      "lat_p95_ms": 14.861460750194068,
      "sinr_mean_db": -22.970191737597485,
      "sinr_p05_db": -32.02784331274908,
      "ber_mean": 0.4925357764060081,
      "ber_p95": 0.4996867289067547
    },
    "rl_student_tflite": {
      "cap_mean": 1.4479614060337525,
      "cap_std": 0.6775243909477235,
      "lat_mean_ms": 0.14489015004528483,
      "lat_p95_ms": 0.21730839980591557,
      "sinr_mean_db": -27.4364515990216,
      "sinr_p05_db": -38.01493985756601,
      "ber_mean": 0.49715808589318666,
      "ber_p95": 0.4999210036187412
    },
    "dqn_beam": {
      "cap_mean": 1.6601654312938952,
      "cap_std": 0.7617262430134524,
      "lat_mean_ms": 3.4207309500061456,
      "lat_p95_ms": 4.995490999885989,
      "sinr_mean_db": -22.610170326688188,
      "sinr_p05_db": -31.858891667497957,
      "ber_mean": 0.4903715604881711,
      "ber_p95": 0.49966965064284935
    },
    "dqn_beam_tflite": {
      "cap_mean": 1.6233615489322104,
      "cap_std": 0.767971806622672,
      "lat_mean_ms": 0.13171819991839584,
      "lat_p95_ms": 0.16079864990388162,
      "sinr_mean_db": -24.0986048712715,
      "sinr_p05_db": -34.5755092913057,
      "ber_mean": 0.49197436440962683,
      "ber_p95": 0.49982369313161
    }
  }
}