{
  "num_iterations": 20,
  "summary": {
    "mmse": {
      "cap_mean": 12.402803881686117,
      "cap_std": 9.344071051572323,
      "lat_mean_ms": 0.11615779999374354,
      "lat_p95_ms": 0.14761375018679246,
      "sinr_mean_db": -25.69572392187995,
      "sinr_p05_db": -40.54869429932114,
      "ber_mean": 0.4878790963201293,
      "ber_p95": 0.4999545871257475
    },
    "zf": {
      "cap_mean": 12.074497542031905,
      "cap_std": 8.444397200154295,
      "lat_mean_ms": 0.08814490004169784,
      "lat_p95_ms": 0.1016579000179263,
      "sinr_mean_db": -22.81384850510394,
      "sinr_p05_db": -38.326613302449076,
      "ber_mean": 0.46877762361067343,
      "ber_p95": 0.499926364326694
    },
    "rl_teacher": {
      "cap_mean": 1.5275998762845522,
      "cap_std": 0.8052594450152754,
      "lat_mean_ms": 11.045248949994857,
      "lat_p95_ms": 13.299207449904335,
      "sinr_mean_db": -23.27623201640929,
      "sinr_p05_db": -33.331102046645825,
      "ber_mean": 0.4920950314010969,
      "ber_p95": 0.4997540244995871
    },
    "rl_student_tflite": {
      "cap_mean": 1.6540409432543761,
      "cap_std": 0.7777860514985725,
      "lat_mean_ms": 0.1325580000411719,
      "lat_p95_ms": 0.16434305027814847,
      "sinr_mean_db": -28.941267728225917,
      "sinr_p05_db": -40.148071096068854,
      "ber_mean": 0.4981294284113512,
      "ber_p95": 0.49995156764286086
    },
    "dqn_beam": {
      "cap_mean": 2.1682526232513077,
      "cap_std": 0.6955433933588375,
      "lat_mean_ms": 3.467963650018646,
      "lat_p95_ms": 4.339590099834823,
      "sinr_mean_db": -23.64822832337505,
      "sinr_p05_db": -37.767366183284956,
      "ber_mean": 0.4929931015161711,
      "ber_p95": 0.4999163205533163
    },
    "dqn_beam_tflite": {
      "cap_mean": 2.5519683171096763,
      "cap_std": 0.7016141107641649,
      "lat_mean_ms": 0.3948634500375192,
      "lat_p95_ms": 0.5214446002128171,
      "sinr_mean_db": -23.120027494872065,
      "sinr_p05_db": -33.30871954505131,
      "ber_mean": 0.49440450228145955,
      "ber_p95": 0.499757788389771
    }
  }
}