{
  "num_iterations": 20,
  "summary": {
    "mmse": {
      "cap_mean": 30.507523427415027,
      "cap_std": 18.567073654696284,
      "lat_mean_ms": 0.1311837500452384,
      "lat_p95_ms": 0.19536920030986962,
      "sinr_mean_db": -5.050938731144003,
      "sinr_p05_db": -41.62979396144739,
      "ber_mean": 0.2448760694402167,
      "ber_p95": 0.49996422477258234
    },
    "zf": {
      "cap_mean": 32.02006181030565,
      "cap_std": 18.152310941277413,
      "lat_mean_ms": 0.09239670002898492,
      "lat_p95_ms": 0.10823650029578862,
      "sinr_mean_db": -7.216192083229042,
      "sinr_p05_db": -43.366134889180564,
      "ber_mean": 0.29092488399634775,
      "ber_p95": 0.4999758286438325
    },
    "rl_teacher": {
      "cap_mean": 1.6411335370495395,
      "cap_std": 0.10984516556868089,
      "lat_mean_ms": 10.51596190006876,
      "lat_p95_ms": 12.596493050114091,
      "sinr_mean_db": -8.63120522260012,
      "sinr_p05_db": -23.20927365496055,
      "ber_mean": 0.40368564996648715,
      "ber_p95": 0.4975893237971237
    },
    "rl_student_tflite": {
      "cap_mean": 1.6668720804405168,
      "cap_std": 0.145972191124604,
      "lat_mean_ms": 0.13085465004678554,
      "lat_p95_ms": 0.17778324991013508,
      "sinr_mean_db": -9.556571552344685,
      "sinr_p05_db": -32.94635086576458,
      "ber_mean": 0.3970227483957673,
      "ber_p95": 0.4997441051455759
    },
    "dqn_beam": {
      "cap_mean": 1.5870440988410448,
      "cap_std": 0.23032985911358136,
      "lat_mean_ms": 3.242275049933596,
      "lat_p95_ms": 4.337627250333756,
      "sinr_mean_db": -10.480427579306454,
      "sinr_p05_db": -36.530122235715744,
      "ber_mean": 0.4101386898721292,
      "ber_p95": 0.49988844985432973
    },
    "dqn_beam_tflite": {
      "cap_mean": 1.6339415995911288,
      "cap_std": 0.1705873305182557,
      "lat_mean_ms": 0.127293749983437,
      "lat_p95_ms": 0.14695045013013447,
      "sinr_mean_db": -8.585097046499428,
      "sinr_p05_db": -26.49924232402963,
      "ber_mean": 0.3967943151467229,
      "ber_p95": 0.49886534818225503
    }
  }
}