{
  "num_iterations": 20,
  "summary": {
    "mmse": {
      "cap_mean": 12.402803881686117,
      "cap_std": 9.344071051572323,
      "lat_mean_ms": 0.11554755003544415,
      "lat_p95_ms": 0.15330435028317882,
      "sinr_mean_db": -25.69572392187995,
      "sinr_p05_db": -40.54869429932114,
      "ber_mean": 0.4878790963201293,
      "ber_p95": 0.4999545871257475
    },
    "zf": {
      "cap_mean": 12.074497542031905,
      "cap_std": 8.444397200154295,
      "lat_mean_ms": 0.09196005005378538,
      "lat_p95_ms": 0.11112869983662681,
      "sinr_mean_db": -22.81384850510394,
      "sinr_p05_db": -38.326613302449076,
      "ber_mean": 0.46877762361067343,
      "ber_p95": 0.499926364326694
    },
    "rl_teacher": {
      "cap_mean": 1.5275998762845522,
      "cap_std": 0.8052594450152754,
      "lat_mean_ms": 11.232925050012454,
      "lat_p95_ms": 16.084704849731693,
      "sinr_mean_db": -23.27623201640929,
      "sinr_p05_db": -33.331102046645825,
      "ber_mean": 0.4920950314010969,
      "ber_p95": 0.4997540244995871
    },
    "rl_student_tflite": {
      "cap_mean": 1.6540409432543761,
      "cap_std": 0.7777860514985725,
      "lat_mean_ms": 0.13003160004245728,
      "lat_p95_ms": 0.14608445001158543,
      "sinr_mean_db": -28.941267728225917,
      "sinr_p05_db": -40.148071096068854,
      "ber_mean": 0.4981294284113512,
      "ber_p95": 0.49995156764286086
    },
    "dqn_beam": {
      "cap_mean": 2.2357353046967643,
      "cap_std": 0.6370024802734068,
      "lat_mean_ms": 3.4875525499501236,
      "lat_p95_ms": 3.9684571001544118,
      "sinr_mean_db": -23.427616562313908,
      "sinr_p05_db": -36.22056001756079,
      "ber_mean": 0.4925731809396436,
      "ber_p95": 0.499880309516697
    },
    "dqn_beam_tflite": {
      "cap_mean": 2.682590790947269,
      "cap_std": 0.8212254294042769,
      "lat_mean_ms": 0.48098834995471407,
      "lat_p95_ms": 0.5483393003260062,
      "sinr_mean_db": -22.88641067737817,
      "sinr_p05_db": -33.16302273652479,
      "ber_mean": 0.49440167589795764,
      "ber_p95": 0.49975523683143785
    }
  }
}