{
  "num_iterations": 20,
  "summary": {
    "mmse": {
      "cap_mean": 12.402803881686117,
      "cap_std": 9.344071051572323,
      "lat_mean_ms": 0.11629940008788253,
      "lat_p95_ms": 0.1553553002395347,
      "sinr_mean_db": -25.69572392187995,
      "sinr_p05_db": -40.54869429932114,
      "ber_mean": 0.4878790963201293,
      "ber_p95": 0.4999545871257475
    },
    "zf": {
      "cap_mean": 12.074497542031905,
      "cap_std": 8.444397200154295,
      "lat_mean_ms": 0.09053284998117306,
      "lat_p95_ms": 0.11111585010894488,
      "sinr_mean_db": -22.81384850510394,
      "sinr_p05_db": -38.326613302449076,
      "ber_mean": 0.46877762361067343,
      "ber_p95": 0.499926364326694
    },
    "rl_teacher": {
      "cap_mean": 1.5275998762845522,
      "cap_std": 0.8052594450152754,
      "lat_mean_ms": 10.61736349995499,
      "lat_p95_ms": 13.67065865017595,
      "sinr_mean_db": -23.27623201640929,
      "sinr_p05_db": -33.331102046645825,
      "ber_mean": 0.4920950314010969,
      "ber_p95": 0.4997540244995871
    },
    "rl_student_tflite": {
      "cap_mean": 1.6540409432543761,
      "cap_std": 0.7777860514985725,
      "lat_mean_ms": 0.12875154995981575,
      "lat_p95_ms": 0.14653690000159258,
      "sinr_mean_db": -28.941267728225917,
      "sinr_p05_db": -40.148071096068854,
      "ber_mean": 0.4981294284113512,
      "ber_p95": 0.49995156764286086
    },
    "dqn_beam": {
      "cap_mean": 1.713469406132408,
      "cap_std": 0.7228642147728295,
      "lat_mean_ms": 3.152170699991075,
      "lat_p95_ms": 3.925028600201587,
      "sinr_mean_db": -23.954799148607933,
      "sinr_p05_db": -36.92082481048881,
      "ber_mean": 0.49325279170122005,
      "ber_p95": 0.4998980480494231
    },
    "dqn_beam_tflite": {
      "cap_mean": 1.9445607217928598,
      "cap_std": 0.7853736880842348,
      "lat_mean_ms": 0.128436049976699,
      "lat_p95_ms": 0.1526355002397395,
      "sinr_mean_db": -23.41517692465927,
      "sinr_p05_db": -33.2697750574726,
      "ber_mean": 0.4948715935546665,
      "ber_p95": 0.4997572641264842
    }
  }
}