{
  "num_iterations": 20,
  "summary": {
    "mmse": {
      "cap_mean": 32.01013008598165,
      "cap_std": 19.498605081007753,
      "lat_mean_ms": 0.13245979994280788,
      "lat_p95_ms": 0.15524439993441796,
      "sinr_mean_db": -6.797737993419746,
      "sinr_p05_db": -42.42073416174294,
      "ber_mean": 0.2955038563754034,
      "ber_p95": 0.49997117585597434
    },
    "zf": {
      "cap_mean": 35.982019114704634,
      "cap_std": 22.065827629561802,
      "lat_mean_ms": 0.08636300003672659,
      "lat_p95_ms": 0.10115159984707134,
      "sinr_mean_db": -1.0162387639063843,
      "sinr_p05_db": -14.213112813028733,
      "ber_mean": 0.2594342188481733,
      "ber_p95": 0.48089934219552777
    },
    "rl_teacher": {
      "cap_mean": 1.6607258782674834,
      "cap_std": 0.10961360120839482,
      "lat_mean_ms": 10.42895674997908,
      "lat_p95_ms": 12.661556449847936,
      "sinr_mean_db": -9.903609596091655,
      "sinr_p05_db": -30.13359857782316,
      "ber_mean": 0.4055481022633908,
      "ber_p95": 0.49951501574714735
    },
    "rl_student_tflite": {
      "cap_mean": 1.6499236136696578,
      "cap_std": 0.13135371106687,
      "lat_mean_ms": 0.13013655000122526,
      "lat_p95_ms": 0.16238445020917427,
      "sinr_mean_db": -10.888214314591126,
      "sinr_p05_db": -34.37674994229935,
      "ber_mean": 0.41333125931835496,
      "ber_p95": 0.49981529317798773
    },
    "dqn_beam": {
      "cap_mean": 1.768056290470597,
      "cap_std": 0.31309436265920404,
      "lat_mean_ms": 3.5861330499983524,
      "lat_p95_ms": 4.495680700210872,
      "sinr_mean_db": -9.471755653893286,
      "sinr_p05_db": -30.055466627173796,
      "ber_mean": 0.3999229683150218,
      "ber_p95": 0.4995052130448692
    },
    "dqn_beam_tflite": {
      "cap_mean": 1.7408112194101601,
      "cap_std": 0.3173186839580905,
      "lat_mean_ms": 0.5094560000316051,
      "lat_p95_ms": 0.6266350999794668,
      "sinr_mean_db": -7.938244465043158,
      "sinr_p05_db": -22.68476034709849,
      "ber_mean": 0.3889320461193734,
      "ber_p95": 0.4971678951188112
    }
  }
}