{
  "num_iterations": 20,
  "summary": {
    "mmse": {
      "cap_mean": 32.01013008598165,
      "cap_std": 19.498605081007753,
      "lat_mean_ms": 0.14023719995748252,
      "lat_p95_ms": 0.27958035002484405,
      "sinr_mean_db": -6.797737993419746,
      "sinr_p05_db": -42.42073416174294,
      "ber_mean": 0.2955038563754034,
      "ber_p95": 0.49997117585597434
    },
    "zf": {
      "cap_mean": 35.982019114704634,
      "cap_std": 22.065827629561802,
      "lat_mean_ms": 0.10906159991463937,
      "lat_p95_ms": 0.17457935000493327,
      "sinr_mean_db": -1.0162387639063843,
      "sinr_p05_db": -14.213112813028733,
      "ber_mean": 0.2594342188481733,
      "ber_p95": 0.48089934219552777
    },
    "rl_teacher": {
      "cap_mean": 1.6607258782674834,
      "cap_std": 0.10961360120839482,
      "lat_mean_ms": 10.46690554990164,
      "lat_p95_ms": 11.664477200019988,
      "sinr_mean_db": -9.903609596091655,
      "sinr_p05_db": -30.13359857782316,
      "ber_mean": 0.4055481022633908,
      "ber_p95": 0.49951501574714735
    },
    "rl_student_tflite": {
      "cap_mean": 1.6499236136696578,
      "cap_std": 0.13135371106687,
      "lat_mean_ms": 0.13042914997640764,
      "lat_p95_ms": 0.16019765027976973,
      "sinr_mean_db": -10.888214314591126,
      "sinr_p05_db": -34.37674994229935,
      "ber_mean": 0.41333125931835496,
      "ber_p95": 0.49981529317798773
    },
    "dqn_beam": {
      "cap_mean": 1.7580210297109584,
      "cap_std": 0.3155882646902762,
      "lat_mean_ms": 3.459457500002827,
      "lat_p95_ms": 4.1031012996427325,
      "sinr_mean_db": -9.388245420537974,
      "sinr_p05_db": -30.055466627173796,
      "ber_mean": 0.40049325975423083,
      "ber_p95": 0.4995052130448692
    },
    "dqn_beam_tflite": {
      "cap_mean": 1.7311473009286538,
      "cap_std": 0.31888680892039906,
      "lat_mean_ms": 0.3960793499572901,
      "lat_p95_ms": 0.4564293999237636,
      "sinr_mean_db": -7.9615818352168475,
      "sinr_p05_db": -22.68476034709849,
      "ber_mean": 0.38955611844030996,
      "ber_p95": 0.4971678951188112
    }
  }
}