{
  "num_iterations": 20,
  "summary": {
    "mmse": {
      "cap_mean": 30.507523427415027,
      "cap_std": 18.567073654696284,
      "lat_mean_ms": 0.13361679987156094,
      "lat_p95_ms": 0.16468659969177696,
      "sinr_mean_db": -5.050938731144003,
      "sinr_p05_db": -41.62979396144739,
      "ber_mean": 0.2448760694402167,
      "ber_p95": 0.49996422477258234
    },
    "zf": {
      "cap_mean": 32.02006181030565,
      "cap_std": 18.152310941277413,
      "lat_mean_ms": 0.09469354999964708,
      "lat_p95_ms": 0.11152775002756249,
      "sinr_mean_db": -7.216192083229042,
      "sinr_p05_db": -43.366134889180564,
      "ber_mean": 0.29092488399634775,
      "ber_p95": 0.4999758286438325
    },
    "rl_teacher": {
      "cap_mean": 1.6411335370495395,
      "cap_std": 0.10984516556868089,
      "lat_mean_ms": 10.795502049995775,
      "lat_p95_ms": 13.852689600071258,
      "sinr_mean_db": -8.63120522260012,
      "sinr_p05_db": -23.20927365496055,
      "ber_mean": 0.40368564996648715,
      "ber_p95": 0.4975893237971237
    },
    "rl_student_tflite": {
      "cap_mean": 1.6668720804405168,
      "cap_std": 0.145972191124604,
      "lat_mean_ms": 0.13400610002918256,
      "lat_p95_ms": 0.17897955015087066,
      "sinr_mean_db": -9.556571552344685,
      "sinr_p05_db": -32.94635086576458,
      "ber_mean": 0.3970227483957673,
      "ber_p95": 0.4997441051455759
    },
    "dqn_beam": {
      "cap_mean": 1.6949268694463009,
      "cap_std": 0.337153632599543,
      "lat_mean_ms": 3.4003076499857343,
      "lat_p95_ms": 3.8356272997589276,
      "sinr_mean_db": -10.27872508207582,
      "sinr_p05_db": -33.36627214087698,
      "ber_mean": 0.40696556422008145,
      "ber_p95": 0.4997571847284164
    },
    "dqn_beam_tflite": {
      "cap_mean": 1.765754993141752,
      "cap_std": 0.22220520106253666,
      "lat_mean_ms": 0.3857546000290313,
      "lat_p95_ms": 0.43761610004366963,
      "sinr_mean_db": -8.345393205424703,
      "sinr_p05_db": -23.13606786252475,
      "ber_mean": 0.3938387674993372,
      "ber_p95": 0.4974673350785431
    }
  }
}