{
  "num_iterations": 20,
  "summary": {
    "mmse": {
      "cap_mean": 32.01013008598165,
      "cap_std": 19.498605081007753,
      "lat_mean_ms": 0.15158394996888092,
      "lat_p95_ms": 0.23431864988197082,
      "sinr_mean_db": -6.797737993419746,
      "sinr_p05_db": -42.42073416174294,
      "ber_mean": 0.2955038563754034,
      "ber_p95": 0.49997117585597434
    },
    "zf": {
      "cap_mean": 35.982019114704634,
      "cap_std": 22.065827629561802,
      "lat_mean_ms": 0.09715564997350157,
      "lat_p95_ms": 0.1490463501113482,
      "sinr_mean_db": -1.0162387639063843,
      "sinr_p05_db": -14.213112813028733,
      "ber_mean": 0.2594342188481733,
      "ber_p95": 0.48089934219552777
    },
    "rl_teacher": {
      "cap_mean": 1.6607258782674834,
      "cap_std": 0.10961360120839482,
      "lat_mean_ms": 10.678763550095027,
      "lat_p95_ms": 12.306165999939383,
      "sinr_mean_db": -9.903609596091655,
      "sinr_p05_db": -30.13359857782316,
      "ber_mean": 0.4055481022633908,
      "ber_p95": 0.49951501574714735
    },
    "rl_student_tflite": {
      "cap_mean": 1.6499236136696578,
      "cap_std": 0.13135371106687,
      "lat_mean_ms": 0.1333898000211775,
      "lat_p95_ms": 0.159796550133251,
      "sinr_mean_db": -10.888214314591126,
      "sinr_p05_db": -34.37674994229935,
      "ber_mean": 0.41333125931835496,
      "ber_p95": 0.49981529317798773
    },
    "dqn_beam": {
      "cap_mean": 1.7820712968685704,
      "cap_std": 0.25205485440607406,
      "lat_mean_ms": 3.6324156499858873,
      "lat_p95_ms": 5.029309999918042,
      "sinr_mean_db": -9.019127797803922,
      "sinr_p05_db": -26.586216089614272,
      "ber_mean": 0.39870828288414656,
      "ber_p95": 0.49888295573501495
    },
    "dqn_beam_tflite": {
      "cap_mean": 1.7531197320356209,
      "cap_std": 0.24984373350843725,
      "lat_mean_ms": 0.5178606999379554,
      "lat_p95_ms": 0.5945692497334676,
      "sinr_mean_db": -7.478145783743409,
      "sinr_p05_db": -17.674504176429878,
      "ber_mean": 0.3893046887821632,
      "ber_p95": 0.49093751922780887
    }
  }
}