{
  "num_iterations": 20,
  "summary": {
    "mmse": {
      "cap_mean": 8.494901116501365,
      "cap_std": 8.017153136221408,
      "lat_mean_ms": 0.11312269998597912,
      "lat_p95_ms": 0.14262209995195008,
      "sinr_mean_db": -28.350379177646158,
      "sinr_p05_db": -46.87484356418542,
      "ber_mean": 0.4926027640678596,
      "ber_p95": 0.4999883657196094
    },
    "zf": {
      "cap_mean": 9.963308273076317,
      "cap_std": 9.994676278718364,
      "lat_mean_ms": 0.08715965000192227,
      "lat_p95_ms": 0.10056164990146499,
      "sinr_mean_db": -27.711407119819732,
      "sinr_p05_db": -43.26678182813458,
      "ber_mean": 0.49103992018589676,
      "ber_p95": 0.49997590615717674
    },
    "rl_teacher": {
      "cap_mean": 1.520752147976926,
      "cap_std": 0.7655576057433428,
      "lat_mean_ms": 11.014300650072073,
      "lat_p95_ms": 13.624043749837275,
      "sinr_mean_db": -26.850318113641872,
      "sinr_p05_db": -40.695976725636456,
      "ber_mean": 0.4947314381097286,
      "ber_p95": 0.4999568437806702
    },
    "rl_student_tflite": {
      "cap_mean": 1.399528264557216,
      "cap_std": 0.6648266651884894,
      "lat_mean_ms": 0.136333599880345,
      "lat_p95_ms": 0.19806109999080945,
      "sinr_mean_db": -24.465024288958634,
      "sinr_p05_db": -36.14443854638444,
      "ber_mean": 0.49498758284627853,
      "ber_p95": 0.49987487762986615
    },
    "dqn_beam": {
      "cap_mean": 2.113280793392789,
      "cap_std": 0.7436015050901219,
      "lat_mean_ms": 3.3912107500327693,
      "lat_p95_ms": 4.235568100193634,
      "sinr_mean_db": -23.24675221660069,
      "sinr_p05_db": -35.627624837777915,
      "ber_mean": 0.49068008049615486,
      "ber_p95": 0.4998600253241256
    },
    "dqn_beam_tflite": {
      "cap_mean": 2.121101548294864,
      "cap_std": 0.7395205516397851,
      "lat_mean_ms": 0.3819370999963212,
      "lat_p95_ms": 0.43099735005398554,
      "sinr_mean_db": -24.092998563585404,
      "sinr_p05_db": -37.41021429276946,
      "ber_mean": 0.49168640118965656,
      "ber_p95": 0.49990771511818705
    }
  }
}