{
  "num_iterations": 20,
  "summary": {
    "mmse": {
      "cap_mean": 32.01013008598165,
      "cap_std": 19.498605081007753,
      "lat_mean_ms": 0.15812200008440414,
      "lat_p95_ms": 0.21819275025336585,
      "sinr_mean_db": -6.797737993419746,
      "sinr_p05_db": -42.42073416174294,
      "ber_mean": 0.2955038563754034,
      "ber_p95": 0.49997117585597434
    },
    "zf": {
      "cap_mean": 35.982019114704634,
      "cap_std": 22.065827629561802,
      "lat_mean_ms": 0.09285980004278827,
      "lat_p95_ms": 0.10812815021381543,
      "sinr_mean_db": -1.0162387639063843,
      "sinr_p05_db": -14.213112813028733,
      "ber_mean": 0.2594342188481733,
      "ber_p95": 0.48089934219552777
    },
    "rl_teacher": {
      "cap_mean": 1.6607258782674834,
      "cap_std": 0.10961360120839482,
      "lat_mean_ms": 10.814683399962632,
      "lat_p95_ms": 12.62496540011854,
      "sinr_mean_db": -9.903609596091655,
      "sinr_p05_db": -30.13359857782316,
      "ber_mean": 0.4055481022633908,
      "ber_p95": 0.49951501574714735
    },
    "rl_student_tflite": {
      "cap_mean": 1.6499236136696578,
      "cap_std": 0.13135371106687,
      "lat_mean_ms": 0.14620140000261017,
      "lat_p95_ms": 0.243820499940739,
      "sinr_mean_db": -10.888214314591126,
      "sinr_p05_db": -34.37674994229935,
      "ber_mean": 0.41333125931835496,
      "ber_p95": 0.49981529317798773
    },
    "dqn_beam": {
      "cap_mean": 1.726409137675541,
      "cap_std": 0.2682693042517127,
      "lat_mean_ms": 3.9126507499304353,
      "lat_p95_ms": 6.164903800049616,
      "sinr_mean_db": -9.438705982897986,
      "sinr_p05_db": -28.680368156727173,
      "ber_mean": 0.40349305308208727,
      "ber_p95": 0.4993192182157654
    },
    "dqn_beam_tflite": {
      "cap_mean": 1.6937573793643328,
      "cap_std": 0.22352183771747075,
      "lat_mean_ms": 0.5379721000281279,
      "lat_p95_ms": 0.6229586502968234,
      "sinr_mean_db": -7.891253406410192,
      "sinr_p05_db": -19.80483128805383,
      "ber_mean": 0.3931104168232108,
      "ber_p95": 0.49439392300147056
    }
  }
}