{
  "num_iterations": 20,
  "summary": {
    "mmse": {
      "cap_mean": 30.507523427415027,
      "cap_std": 18.567073654696284,
      "lat_mean_ms": 0.16210124997542152,
      "lat_p95_ms": 0.18272154986789302,
      "sinr_mean_db": -5.050938731144003,
      "sinr_p05_db": -41.62979396144739,
      "ber_mean": 0.2448760694402167,
      "ber_p95": 0.49996422477258234
    },
    "zf": {
      "cap_mean": 32.02006181030565,
      "cap_std": 18.152310941277413,
      "lat_mean_ms": 0.09381015001963533,
      "lat_p95_ms": 0.10752440030046273,
      "sinr_mean_db": -7.216192083229042,
      "sinr_p05_db": -43.366134889180564,
      "ber_mean": 0.29092488399634775,
      "ber_p95": 0.4999758286438325
    },
    "rl_teacher": {
      "cap_mean": 1.6411335370495395,
      "cap_std": 0.10984516556868089,
      "lat_mean_ms": 11.690198800033613,
      "lat_p95_ms": 16.41817155016271,
      "sinr_mean_db": -8.63120522260012,
      "sinr_p05_db": -23.20927365496055,
      "ber_mean": 0.40368564996648715,
      "ber_p95": 0.4975893237971237
    },
    "rl_student_tflite": {
      "cap_mean": 1.6668720804405168,
      "cap_std": 0.145972191124604,
      "lat_mean_ms": 0.14659340001799137,
      "lat_p95_ms": 0.20082994990389125,
      "sinr_mean_db": -9.556571552344685,
      "sinr_p05_db": -32.94635086576458,
      "ber_mean": 0.3970227483957673,
      "ber_p95": 0.4997441051455759
    },
    "dqn_beam": {
      "cap_mean": 1.6462417968770175,
      "cap_std": 0.22914962885511234,
      "lat_mean_ms": 4.062101700037601,
      "lat_p95_ms": 6.805927250070455,
      "sinr_mean_db": -10.347218543607134,
      "sinr_p05_db": -35.49728058753601,
      "ber_mean": 0.4069014443505951,
      "ber_p95": 0.49985798325031594
    },
    "dqn_beam_tflite": {
      "cap_mean": 1.7082980259282632,
      "cap_std": 0.07215580170786862,
      "lat_mean_ms": 0.5341845499287956,
      "lat_p95_ms": 0.5909453001777365,
      "sinr_mean_db": -8.473693480359778,
      "sinr_p05_db": -25.661357174567758,
      "ber_mean": 0.3926818694208587,
      "ber_p95": 0.4985578910369872
    }
  }
}