{
  "num_iterations": 20,
  "summary": {
    "mmse": {
      "cap_mean": 8.494901116501365,
      "cap_std": 8.017153136221408,
      "lat_mean_ms": 0.11189500000909902,
      "lat_p95_ms": 0.13408160011749715,
      "sinr_mean_db": -28.350379177646158,
      "sinr_p05_db": -46.87484356418542,
      "ber_mean": 0.4926027640678596,
      "ber_p95": 0.4999883657196094
    },
    "zf": {
      "cap_mean": 9.963308273076317,
      "cap_std": 9.994676278718364,
      "lat_mean_ms": 0.09313725004176376,
      "lat_p95_ms": 0.12716964972696587,
      "sinr_mean_db": -27.711407119819732,
      "sinr_p05_db": -43.26678182813458,
      "ber_mean": 0.49103992018589676,
      "ber_p95": 0.49997590615717674
    },
    "rl_teacher": {
      "cap_mean": 1.520752147976926,
      "cap_std": 0.7655576057433428,
      "lat_mean_ms": 11.038151249999828,
      "lat_p95_ms": 14.024061949817238,
      "sinr_mean_db": -26.850318113641872,
      "sinr_p05_db": -40.695976725636456,
      "ber_mean": 0.4947314381097286,
      "ber_p95": 0.4999568437806702
    },
    "rl_student_tflite": {
      "cap_mean": 1.399528264557216,
      "cap_std": 0.6648266651884894,
      "lat_mean_ms": 0.13712159998249263,
      "lat_p95_ms": 0.16953165024915506,
      "sinr_mean_db": -24.465024288958634,
      "sinr_p05_db": -36.14443854638444,
      "ber_mean": 0.49498758284627853,
      "ber_p95": 0.49987487762986615
    },
    "dqn_beam": {
      "cap_mean": 1.7336698479166095,
      "cap_std": 0.7328392409141579,
      "lat_mean_ms": 3.3173216500472336,
      "lat_p95_ms": 4.090407199919357,
      "sinr_mean_db": -24.11809634734561,
      "sinr_p05_db": -35.627624837777915,
      "ber_mean": 0.49229234454126686,
      "ber_p95": 0.4998600253241256
    },
    "dqn_beam_tflite": {
      "cap_mean": 1.717509501065111,
      "cap_std": 0.7638460437388064,
      "lat_mean_ms": 0.1331502000311957,
      "lat_p95_ms": 0.16748195016589312,
      "sinr_mean_db": -24.914519305854864,
      "sinr_p05_db": -37.64394041728492,
      "ber_mean": 0.4920646111621407,
      "ber_p95": 0.4999089137271526
    }
  }
}