{
  "num_iterations": 20,
  "summary": {
    "mmse": {
      "cap_mean": 8.494901116501365,
      "cap_std": 8.017153136221408,
      "lat_mean_ms": 0.11663344998851244,
      "lat_p95_ms": 0.14960679993691883,
      "sinr_mean_db": -28.350379177646158,
      "sinr_p05_db": -46.87484356418542,
      "ber_mean": 0.4926027640678596,
      "ber_p95": 0.4999883657196094
    },
    "zf": {
      "cap_mean": 9.963308273076317,
      "cap_std": 9.994676278718364,
      "lat_mean_ms": 0.09137520005424449,
      "lat_p95_ms": 0.10883594975439341,
      "sinr_mean_db": -27.711407119819732,
      "sinr_p05_db": -43.26678182813458,
      "ber_mean": 0.49103992018589676,
      "ber_p95": 0.49997590615717674
    },
    "rl_teacher": {
      "cap_mean": 1.520752147976926,
      "cap_std": 0.7655576057433428,
      "lat_mean_ms": 11.00287525002841,
      "lat_p95_ms": 14.024414949949472,
      "sinr_mean_db": -26.850318113641872,
      "sinr_p05_db": -40.695976725636456,
      "ber_mean": 0.4947314381097286,
      "ber_p95": 0.4999568437806702
    },
    "rl_student_tflite": {
      "cap_mean": 1.399528264557216,
      "cap_std": 0.6648266651884894,
      "lat_mean_ms": 0.13696465002794866,
      "lat_p95_ms": 0.18996259998402823,
      "sinr_mean_db": -24.465024288958634,
      "sinr_p05_db": -36.14443854638444,
      "ber_mean": 0.49498758284627853,
      "ber_p95": 0.49987487762986615
    },
    "dqn_beam": {
      "cap_mean": 2.262450616048146,
      "cap_std": 0.7727205178873169,
      "lat_mean_ms": 3.708161299960011,
      "lat_p95_ms": 5.202402100053407,
      "sinr_mean_db": -22.989014086327302,
      "sinr_p05_db": -35.38875097950218,
      "ber_mean": 0.4916759066423707,
      "ber_p95": 0.4998554620502959
    },
    "dqn_beam_tflite": {
      "cap_mean": 2.2641079508479622,
      "cap_std": 0.7241271009195885,
      "lat_mean_ms": 0.5233811500602314,
      "lat_p95_ms": 0.8381977000908591,
      "sinr_mean_db": -23.813779621521928,
      "sinr_p05_db": -37.45768383427779,
      "ber_mean": 0.49091016045900415,
      "ber_p95": 0.4999080721365145
    }
  }
}