{
  "protocol": {
    "iterations": 20,
    "channel_source": "external",
    "external_registry": "data/dataset_registry.json",
    "external_max_samples": 5000,
    "external_mix_ratio": 0.5,
    "dqn_rerank_topk": 3
  },
  "seeds": [
    11,
    22,
    33
  ],
  "aggregate": {
    "mmse": {
      "cap_mean": {
        "mean": 32.35062516383445,
        "std": 2.034828734332954,
        "ci95": 2.3026254783429563,
        "runs": [
          34.53422197810668,
          30.507523427415027,
          32.01013008598165
        ]
      },
      "lat_mean_ms": {
        "mean": 0.13383758331807863,
        "std": 0.0072611819257633655,
        "ci95": 0.008216800865369677,
        "runs": [
          0.14168894997510506,
          0.12736400003632298,
          0.13245979994280788
        ]
      },
      "lat_p95_ms": {
        "mean": 0.1778153666161114,
        "std": 0.037692577389042914,
        "ci95": 0.04265316661594887,
        "runs": [
          0.22132885001155972,
          0.15687284990235642,
          0.15524439993441796
        ]
      },
      "sinr_mean_db": {
        "mean": -5.678561294531835,
        "std": 0.9716203048347603,
        "ci95": 1.099491879311052,
        "runs": [
          -5.187007159031757,
          -5.050938731144003,
          -6.797737993419746
        ]
      },
      "ber_mean": {
        "mean": 0.27654975851318847,
        "std": 0.027606778205999292,
        "ci95": 0.031240010424236294,
        "runs": [
          0.28926934972394536,
          0.2448760694402167,
          0.2955038563754034
        ]
      }
    },
    "zf": {
      "cap_mean": {
        "mean": 34.183216060738765,
        "std": 2.0059512123293173,
        "ci95": 2.269947485942392,
        "runs": [
          34.54756725720602,
          32.02006181030565,
          35.982019114704634
        ]
      },
      "lat_mean_ms": {
        "mean": 0.09174656668922883,
        "std": 0.005474064716798481,
        "ci95": 0.00619448736609787,
        "runs": [
          0.09730684998885408,
          0.09156985004210583,
          0.08636300003672659
        ]
      },
      "lat_p95_ms": {
        "mean": 0.12277041651789962,
        "std": 0.02608548725470747,
        "ci95": 0.02951850765335791,
        "runs": [
          0.15174359978118446,
          0.11541604992544309,
          0.10115159984707134
        ]
      },
      "sinr_mean_db": {
        "mean": -4.012663053458979,
        "std": 3.1051609572629917,
        "ci95": 3.5138204085236926,
        "runs": [
          -3.805558313241511,
          -7.216192083229042,
          -1.0162387639063843
        ]
      },
      "ber_mean": {
        "mean": 0.28672667540018953,
        "std": 0.025454345687005955,
        "ci95": 0.02880430373549981,
        "runs": [
          0.30982092335604744,
          0.29092488399634775,
          0.2594342188481733
        ]
      }
    },
    "rl_teacher": {
      "cap_mean": {
        "mean": 1.6489393214751384,
        "std": 0.010385079204174304,
        "ci95": 0.011751823417207815,
        "runs": [
          1.6449585491083922,
          1.6411335370495395,
          1.6607258782674834
        ]
      },
      "lat_mean_ms": {
        "mean": 10.66189846664353,
        "std": 0.20256513645898647,
        "ci95": 0.22922403068353708,
        "runs": [
          10.76003214998309,
          10.796706499968423,
          10.42895674997908
        ]
      },
      "lat_p95_ms": {
        "mean": 13.480039216703227,
        "std": 1.72626928830313,
        "ci95": 1.953457595059368,
        "runs": [
          12.315250700157792,
          15.463310500103958,
          12.661556449847936
        ]
      },
      "sinr_mean_db": {
        "mean": -8.305763923957675,
        "std": 1.782982838220508,
        "ci95": 2.0176350183499028,
        "runs": [
          -6.3824769531812535,
          -8.63120522260012,
          -9.903609596091655
        ]
      },
      "ber_mean": {
        "mean": 0.3958397322642278,
        "std": 0.015230953504879146,
        "ci95": 0.017235446407871034,
        "runs": [
          0.3782854445628055,
          0.40368564996648715,
          0.4055481022633908
        ]
      }
    },
    "rl_student_tflite": {
      "cap_mean": {
        "mean": 1.6563353652879986,
        "std": 0.009196419117756932,
        "ci95": 0.010406727904306468,
        "runs": [
          1.652210401753822,
          1.6668720804405168,
          1.6499236136696578
        ]
      },
      "lat_mean_ms": {
        "mean": 0.12927199999618702,
        "std": 0.0020577239865384343,
        "ci95": 0.002328533895189993,
        "runs": [
          0.13075639997168764,
          0.1269230500156482,
          0.13013655000122526
        ]
      },
      "lat_p95_ms": {
        "mean": 0.15745601686679345,
        "std": 0.005808809443901784,
        "ci95": 0.006573286684371554,
        "runs": [
          0.1589320001585293,
          0.15105160023267675,
          0.16238445020917427
        ]
      },
      "sinr_mean_db": {
        "mean": -9.067984224853541,
        "std": 2.10743837659251,
        "ci95": 2.384791023491418,
        "runs": [
          -6.759166807624817,
          -9.556571552344685,
          -10.888214314591126
        ]
      },
      "ber_mean": {
        "mean": 0.39780338047101416,
        "std": 0.015152651505456614,
        "ci95": 0.017146839354199448,
        "runs": [
          0.3830561336989202,
          0.3970227483957673,
          0.41333125931835496
        ]
      }
    },
    "dqn_beam": {
      "cap_mean": {
        "mean": 1.7559811989732907,
        "std": 0.03157003078953046,
        "ci95": 0.035724852918333966,
        "runs": [
          1.7797314186334536,
          1.7201558878158214,
          1.768056290470597
        ]
      },
      "lat_mean_ms": {
        "mean": 3.531779133315164,
        "std": 0.05954927116546227,
        "ci95": 0.0673863439653543,
        "runs": [
          3.5410762000083196,
          3.4681281499388206,
          3.5861330499983524
        ]
      },
      "lat_p95_ms": {
        "mean": 4.35637266681776,
        "std": 0.19587151419631166,
        "ci95": 0.22164948403772747,
        "runs": [
          4.441025500091202,
          4.132411800151205,
          4.495680700210872
        ]
      },
      "sinr_mean_db": {
        "mean": -8.910211938369157,
        "std": 1.648949096840847,
        "ci95": 1.8659615616844645,
        "runs": [
          -7.053833970045586,
          -10.205046191168602,
          -9.471755653893286
        ]
      },
      "ber_mean": {
        "mean": 0.3954096508838154,
        "std": 0.012960008912134816,
        "ci95": 0.014665630682877132,
        "runs": [
          0.38079644308173627,
          0.40550954125468824,
          0.3999229683150218
        ]
      }
    },
    "dqn_beam_tflite": {
      "cap_mean": {
        "mean": 1.7635974934820684,
        "std": 0.025392853322097137,
        "ci95": 0.028734718573970714,
        "runs": [
          1.7590098206112175,
          1.790971440424828,
          1.7408112194101601
        ]
      },
      "lat_mean_ms": {
        "mean": 0.5307505333576046,
        "std": 0.027180653597474177,
        "ci95": 0.030757805035653306,
        "runs": [
          0.561365150065285,
          0.5214304499759237,
          0.5094560000316051
        ]
      },
      "lat_p95_ms": {
        "mean": 0.7241250666917648,
        "std": 0.21167276505640045,
        "ci95": 0.23953028265543344,
        "runs": [
          0.9669760501083147,
          0.5787640499875127,
          0.6266350999794668
        ]
      },
      "sinr_mean_db": {
        "mean": -7.806771946341063,
        "std": 0.5418611706382994,
        "ci95": 0.6131736377535987,
        "runs": [
          -7.211271814245654,
          -8.270799559734376,
          -7.938244465043158
        ]
      },
      "ber_mean": {
        "mean": 0.3909637453447892,
        "std": 0.0017642237125609112,